rak,"gewade, gewas, ongemak, rak",ondiep voor schepen gevaarlijk water
keel,,stukje van een wetering
sleup,"slak, sleup, slisse, vliet, voots",gegraven afvoergoot of waterlozing
schoer,,smalle sloot
quicborne,"conduit, fontein, giesser, girande, quicborne","natuurlijke of kunstmatige installatie die water spuit, afhankelijk van de druk door de toevoer van de vloeistof"
waterlossing,"slaak, vliet, waterlossing",met water gevulde uitholling in de grond
voorwetering,,gegraven watergang die het die het voorste deel van een polder doorsnijdt
heiningssloot,"halmer, halmoer, heiningssloot, heinsloot",gegraven kanaal om een stad
spaarbekken,"spaarbekken, spaarkom, waterspaarbekken","natuurlijke of gegraven poel zonder aan- of afvoer, gebruikt voor drink- of bluswater of drinkplaats voor het vee"
springbron,"springader, springbron, sprong",een sloot die de grens vormt tussen twee gebieden
meetsloot,,sloot in een aanslibbende oever gegraven om slib uit het vloedwater te vangen
afdrijving,"afdrijving, drift, driftstroom, winddrift, wraak",smalle sloot in de polder die vaak de grens aangeeft tussen twee boerderijen
ingang,"ingang, invaart",water tussen een watermolen en boezemwater
singel,"singel, singelgracht, stadsvest","doorvaart die toegang geeft tot een min of meer afgesloten gebied, zoals een haven, een sluis, een meer"
voots,"slak, sleup, slisse, vliet, voots",gegraven afvoergoot of waterlozing
sigat,"holte, kolk, sigat, zinkgat","zelfstromende, gegraven afvoersloot, met name in hoogveengebied"
keer,,een stroom die veroorzaakt wordt door wind dat het water meesleept
pet,"pet, petgat, trekgat, weer",meertje dat is ontstaan door het systematisch wegnemen van het voormalige veendek
riet,"afwateringssloot, rei, riet",sloot waarlangs water afgevoerd wordt
keel,"keel, pijp, vangpijp",smalle sloot in een eendekooi
wolf,"wervel, waterwervel, wiel, wieling, wolf, zwervelinge",wervel met snelle draaiing van water
sprink,,waterader onder de grond als bron aangetapt
groeve,"graaf, gracht, graft, greppel, groeve, rei, rui",gegraven kanaal
boezem,"boezem, maalboezem","meer, kanaal of rivier waar overtollig polderwater op wordt geloosd"
brunnen,"born, borne, bron, bronwel, brunnen",plaats waar water uit de grond komt
aardgeul,"aardgeul, geul, rijt, zuin","lange sleuf in akkers en weilanden, gebruikt om overtollig water af te voeren naar de sloot"
waterval,"cascade, val, waterval",water dat trapsgewijs van een hoogte naar beneden stort
doorvaart,,benaming van een bepaalde vaarroute
brandsloot,"brandsloot, opvaart, schipsloot, schipvaart",kanaal dat haaks op een ander kanaal staat
buitenwater,,het water waar het polderwater op geloosd wordt
stroombult,,"ondiepte een eindje voor de sluis, aan de zijde met de lage waterstand, ontstaan door het uit de sluis stromende water"
zandvaart,,gegraven watergang die diende als transportkanaal voor de zandafvoer
tichelgat,"kleigat, kleiput, leemdobbe, leemkuil, leemput, tegelslag, tichelgat, uitdelving",kleine put waaruit klei of leem gewonnen wordt
kopsloot,,sloot in een polder die dwars op de dijk of kade is gesitueerd
viskenij,"visdijk, viskenij, visput, visvijver",aangelegde plas water waarin vissen gehouden en gekweekt worden
zijsloot,,sloot die toevoert aan een grotere sloot
groep,"groef, groep, ril, voor, vore",gegraven lange en smalle afvoer voor water
gewas,"gewas, ondiep,voorde, wade",doorwaadbare plaats in een rivier of waterloop
engte,"eng, enge, engte","plaatselijke versmalling van het vaarwater of een doorgang naar groot vaarwater, een meer o.i.d."
drait,"dracht, drait, drecht, drift",vrij stromend stuk water van redelijke omvang
grief,"grief, grip, grippe, grippel",gegraven lange en smalle afvoer voor water
wadi,,"rivierbedding of waterberging in een droog gebied, die alleen na regenval volstroomt"
wiver,"vijver, vivere, waterkom, wiver","aangelegde plas in een park, bos of tuin"
vathe,"vaat, vaete, vate, vathe","dorpsvijver,drinkvijver voor het vee en reservoir voor de brandweer"
sprank,"sprank, sprangader, spreng, sprengebeek",een door mensen gegraven of verlegde beek gevoed door kwelwater
grubbe,"grub, grubbe, grup, gruppe",gegraven lange en smalle afvoer voor water
opvaart,,waterweg in een vaarpolder waar boerderijen alleen over het water te bereiken zijn en die de boerderij met de doorgaande watergangen verbindt
zwetsloot,"zwet, zwetsloot, zwette",wending in een waterloop
waterkuil,"waterkuil, wed, wette, wijert",bassin waarin tijdelijk een grote hoeveelheid water opgeslagen kan worden
veenkuil,"veenkuil, veenput, veenwinput",waterplas die een overblijfsel is van kleinschalige turfwinning
meerstal,"meerstal, meertje, peel, vijver, wieltje, wijer, zijp, zoei",meertje in de hei
pompel,"neer, nering, pompel",wervel met snelle draaiing van water
weiert,"waai, waal, waay, wade, weel, weiert, wiel","diepe poel gelegen aan een dijk, ontstaan door een plaatselijke dijkdoorbraak"
zwalk,"slonde, zinkval, zwalk","draaikolk, verslinder"
slute,"plomp, ree, rei, sloot, slute, weidewater",smal water om of tussen weilanden dat dient voor de aan- en afvoer van water
wad,,"ondiepe zee in een reliëfarm kustgebied, met een bodem van fijn los materiaal, een sterke getijdenwerking en van de open zee"
dok,"dok, scheepskom",met één of twee sluisdeuren afgesloten gegraven haven
ryl,"ril, ryl",gegraven brede greppel
zijl,"lozingskanaal, spui, spuikanaal, zijl","kanaal met daarin een spuisluis, bedoeld om binnenwater te spuien"
zijp,"meerstal, meertje, peel, vijver, wieltje, wijer, zijp, zoei",meertje in de hei
zeeg,"polderwatering, tocht, tochtsloot, trekker, vaart, zeeg, zeek",verbindingssloot tussen de poldersloten en de poldervaart
wraak,"afdrijving, drift, driftstroom, winddrift, wraak",een stroom die veroorzaakt wordt door wind dat het water meesleept
gruppe,"grub, grubbe, grup, gruppe",gegraven lange en smalle afvoer voor water
visvijver,"visdijk, viskenij, visput, visvijver",aangelegde plas water waarin vissen gehouden en gekweekt worden
wolfskuil,,"sloot of kuil aan het einde van een park, laan of tuin om de toegang te beletten zonder het uitzicht te belemmeren"
waterkeel,"hals, nauw, nauwte, passage, waterkeel","plaatselijke versmalling van het vaarwater of een doorgang naar groot vaarwater, een meer o.i.d."
molensloot,"boezemsloot, kolksloot, molensloot, molenvliet",sloot in een polder die op een boezem uitkomt
vispassage,"vispassage, vistrap",smalle getrapte watergang naast een stuw waardoor vissen tree voor tree tegen de stroom in kunnen zwemmen
sprengebeek,"sprank, sprangader, spreng, sprengebeek",een door mensen gegraven of verlegde beek gevoed door kwelwater
boezemwater,,"de watergangen waarop het water dat een polder gemalen wordt, geloosd wordt"
bakwetering,,brede afwateringssloot op korte afstand achter de rivierdijk
zwembassin,,bak met water waarin je kunt zwemmen
molenkolk,"molenkolk, wijer, wijerd",voorraadbassin voor water van watermolens
slotgracht,"fossé, kasteelgracht, slotgracht","diepe, brede gracht die een kasteel of gebouw omringt"
veengoot,,brede gegraven watergang die een veengebied ontwatert
reservoir,"bassin, bekken, kom, reservoir",plaats waar water bewaard kan worden
moerput,"boerenkuil, klotput, moerput, turfput",waterplas die een overblijfsel is van kleinschalige turfwinning
zandput,"zandgat, zandput, zandwinput",een gegraven diepte in de bodem waaruit zand gewonnen werd
girande,"conduit, fontein, giesser, girande, quicborne","natuurlijke of kunstmatige installatie die water spuit, afhankelijk van de druk door de toevoer van de vloeistof"
meertje,"meerstal, meertje, peel, vijver, wieltje, wijer, zijp, zoei",meertje in de hei
dijkput,"baggergat, baggerput, dijkput",door baggeren ontstane waterpoel
monde,,zijkanaal voor turfafvoer
visput,"visdijk, viskenij, visput, visvijver",aangelegde plas water waarin vissen gehouden en gekweekt worden
wijert,"waterkuil, wed, wette, wijert","natuurlijke of gegraven poel zonder aan- of afvoer, gebruikt voor drink- of bluswater of drinkplaats voor het vee"
dricht,"drecht, grift, kanaal, rinne, schiplede, vaart","gegraven stuk vaarwater van redelijke omvang, waarin het water kunstmatig op een bepaald niveau gehouden wordt"
weer,"pet, petgat, trekgat, weer",meertje dat is ontstaan door het systematisch wegnemen van het voormalige veendek
kalle,,"kleine waterstroom, gootje"
voor,"groef, groep, ril, voor, vore",gegraven lange en smalle afvoer voor water
keel,,waterdoorgang tussen twee legakkers in de veenderij
diep,"diep, diepte",verdiept uitgegraven kanaal of uitgediept natuurlijk vaarwater
dulf,"delf, delft, delte, delve, dulf, dulve","oude benaming voor vaart, kanaal, gracht, sloot"
geul,"dalweg, geul, stroomgeul","verdieping van een vaarwater, ontstaan door de stroming van het water"
flesch,"fles, flesch vles",plas in bos of hei
ondiep,"laagte, ondiep",ondiep stilstaand water
fontein,"conduit, fontein, giesser, girande, quicborne","natuurlijke of kunstmatige installatie die water spuit, afhankelijk van de druk door de toevoer van de vloeistof"
bronwel,"born, borne, bron, bronwel, brunnen",plaats waar water uit de grond komt
vloeiput,,buitendijkse oesterput op bij eb droogvallend slik
zoelplek,,modderpoel waar wilde zwijnen baden
overdiep,,buitengewoon diep water
loopdiep,"loopdiep, trekvaart",voor het transport met pak- en trekschuiten geconstrueerde vaarweg
baggerput,"baggergat, baggerput, dijkput",door baggeren ontstane waterpoel
maalboezem,"boezem, maalboezem","meer, kanaal of rivier waar overtollig polderwater op wordt geloosd"
hoogwatersloot,,"sloot in een poldergebied met een waterpeil op boezempeil, dat hoger ligt dan het polderpeil"
afwateringssloot,"afwateringssloot, rei, riet",sloot waarlangs water afgevoerd wordt
uitspoelingsgat,"kolk, stroomgat, uitspoelingsgat, valput","diepe poel gelegen aan een dijk, ontstaan door een plaatselijke dijkdoorbraak"
waterreservoir,"waterbak, waterbassin, waterbekken, waterreservoir",plaats waar water bewaard kan worden
buitenwater,,"water van de grote rivieren (rijn, maas, ijssel), het ijsselmeer, het markermeer en de zee"
bovensloot,,onderdeel van het bevloeiingssysteem van een vloeiweide
ganzenkuil,"gaal, ganzenkuil, ganzenorgel, quakjeswater",spartelplas voor watervogels
schipsloot,"brandsloot, opvaart, schipsloot, schipvaart",kanaal dat haaks op een ander kanaal staat
schutkolk,"kolk, sas, schutkolk, sluiskolk, wiel",water in de sluis tussen de sluisdeuren
veenplas,"veengat, veenplas, veentie, ven, venneke",stilstaand waterbekken in het veen
boezem,,"stelsel van sloten, vaarten en kanalen waarop hetzelfde waterpeil heerst"
fehting,"fait, fehting, feit, feith","natuurlijke of gegraven poel zonder aan- of afvoer, gebruikt voor drink- of bluswater of drinkplaats voor het vee"
petgat,"pet, petgat, trekgat, weer",meertje dat is ontstaan door het systematisch wegnemen van het voormalige veendek
wade,"waai, waal, waay, wade, weel, weiert, wiel","diepe poel gelegen aan een dijk, ontstaan door een plaatselijke dijkdoorbraak"
grep,"greb, grebbe, grep, greppe, greppel",gegraven lange en smalle afvoer voor water
zeek,"polderwatering, tocht, tochtsloot, trekker, vaart, zeeg, zeek",verbindingssloot tussen de poldersloten en de poldervaart
drift,"afdrijving, drift, driftstroom, winddrift, wraak",een stroom die veroorzaakt wordt door wind dat het water meesleept
wed,"vogelenzang, vogelwater, wed, zwanenwater",spartelplas voor watervogels
sien,"keen, sien, sjaan",smalle ontwateringssloot
leie,"lede, lee, lei, leie, ley","brede, ondiepe greppel (vaak) ten behoeve van de afwatering van hoger gelegen weides"
slat,"slat, volte, waskolk",meertje op de heide waarin schapen worden gewassen
kil,"hank, kil, kille, strang",doodlopende geul van een rivier
ril,"groef, groep, ril, voor, vore",gegraven lange en smalle afvoer voor water
val,"cascade, val, waterval",water dat trapsgewijs van een hoogte naar beneden stort
zuin,"aardgeul, geul, rijt, zuin","lange sleuf in akkers en weilanden, gebruikt om overtollig water af te voeren naar de sloot"
vliet,"slaak, vliet, waterlossing","zelfstromende, gegraven afvoersloot, met name in hoogveengebied"
slisse,"slak, sleup, slisse, vliet, voots",gegraven afvoergoot of waterlozing
gewas,,gevaarlijke plaats in een water met sterke stroming
stroom,"stroming, stroom, waterstroom","plaats waar water stroomt, lijnvormig watervoerend object"
halmoer,"halmer, halmoer, heiningssloot, heinsloot",smalle sloot in de polder die vaak de grens aangeeft tussen twee boerderijen
winddrift,"afdrijving, drift, driftstroom, winddrift, wraak",een stroom die veroorzaakt wordt door wind dat het water meesleept
vaargeul,,bebakende deel van het vaarwater dat dikwijls uitgebaggerd is
sidelsloot,"bermsloot, sidelsloot, wegsloot",gracht als enige verkeersader
heideplas,"heidemeer, heideplas, heideven, slat",stilstaand waterbekken in de hei
uitmonding,"mond, mude, muiden, uitmonding",plaats waar een sloot uitkomt in een ander water
weidewater,"plomp, ree, rei, sloot, slute, weidewater",smal water om of tussen weilanden dat dient voor de aan- en afvoer van water
molentocht,"achterslag, achterwater, molentocht",hoofdwatergang van een polder waar aan het eind een gemaal ligt
vroonwater,,viswater toebehorend aan een heer en vrijgesteld van dijklasten en belasting
klemsloot,"klemsloot, walsloot",kleine sloot in turfgraverij
duinrel,,"gegraven, ondiepe watergang waarin kwelwater uit de duinen kan afstromen naar het lager gelegen land"
spreng,"sprank, sprangader, spreng, sprengebeek",een door mensen gegraven of verlegde beek gevoed door kwelwater
gracht,"gracht, grubbe, vloedgraaf",gegraven sloot om regenwater op een beek af te voeren
weier,"keern, viskuil, weier, weijerd",aangelegde plas water waarin vissen gehouden en gekweekt worden
fossé,"fossé, kasteelgracht, slotgracht","diepe, brede gracht die een kasteel of gebouw omringt"
mark,"maar, mare, mark",waterloop die de grens vormt tussen twee gebieden
vlaas,"flaas, fles, vlaas, vloos",gegraven drenkpoel in de duinen
kom,"havenkolk, havenkom, kom","verbreding van het vaarwater, dat als haven gebruikt wordt"
feit,"fait, fehting, feit, feith","natuurlijke of gegraven poel zonder aan- of afvoer, gebruikt voor drink- of bluswater of drinkplaats voor het vee"
wed,"waterkuil, wed, wette, wijert","natuurlijke of gegraven poel zonder aan- of afvoer, gebruikt voor drink- of bluswater of drinkplaats voor het vee"
wijk,"inwijk, krukvaart, wiek, wieke, wijk",zijkanaal van het hoofddiep in het veenkoloniale landschap
vliet,"slak, sleup, slisse, vliet, voots",gegraven afvoergoot of waterlozing
waal,"waai, waal, waay, wade, weel, weiert, wiel","diepe poel gelegen aan een dijk, ontstaan door een plaatselijke dijkdoorbraak"
stomp,"pel, pelt, pollert, stomp,","natuurlijke of gegraven poel zonder aan- of afvoer, gebruikt voor drink- of bluswater of drinkplaats voor het vee"
verlaat,"loos, sidelinge, verlaat",kanaal waardoor overtollig water wordt afgevoerd
conduit,"conduit, fontein, giesser, girande, quicborne","natuurlijke of kunstmatige installatie die water spuit, afhankelijk van de druk door de toevoer van de vloeistof"
opvaart,"brandsloot, opvaart, schipsloot, schipvaart",kanaal dat haaks op een ander kanaal staat
ijzerkuil,,voormalige winningsput van ijzerrijke kleiklompjes in riviersediment
leemkuil,"kleigat, kleiput, leemdobbe, leemkuil, leemput, tegelslag, tichelgat, uitdelving",kleine put waaruit klei of leem gewonnen wordt
dodearm,,doodlopende zijtak van een rivier
bijstroom,"aftrek, bijstroom, monding, ontlasting",plaats waar een sloot of wetering in een rivier komt
waterrem,"wapeldrenking, waterplas, waterpoel, waterrem, zuipersgat",ondiep stilstaand water
watergang,"gang, opvaart, watergang",gegraven stuk vaarwater van redelijke omvang waarin het water kunstmatig op een bepaald niveau gehouden wordt
vloedgraaf,"gracht, grubbe, vloedgraaf",gegraven sloot om regenwater op een beek af te voeren
polderwater,"binnenwater, polderwater",het (bevaarbare) water in een polder
leemdobbe,"kleigat, kleiput, leemdobbe, leemkuil, leemput, tegelslag, tichelgat, uitdelving",kleine put waaruit klei of leem gewonnen wordt
waterweg,"vaarwater, vaarweg, waterweg","het water waar een vaartuig, hoe klein ook, kan varen"
hoofddiep,,"belangrijkste kanaal in het hoogveenlandschap, van waaruit de ontginning werd gestart"
gangsloot,,brede (vaar)sloot
wateringe,"watering, wateringe, wetering","gegraven watergang, belangrijk voor de afwatering van een gebied"
spuitbron,"springbron, spuitbron, spuitter, swin, waterspuit","natuurlijke of kunstmatige installatie die water spuit, afhankelijk van de druk door de toevoer van de vloeistof"
bijstroom,,kleinere stroom die in een hoofdrivier uitmondt
greppel,"greb, grebbe, grep, greppe, greppel",gegraven lange en smalle afvoer voor water
invaart,,"doorvaart die toegang geeft tot een min of meer afgesloten gebied, zoals een haven, een sluis, een meer"
giesser,"conduit, fontein, giesser, girande, quicborne","natuurlijke of kunstmatige installatie die water spuit, afhankelijk van de druk door de toevoer van de vloeistof"
diepte,"diep, diepte",verdiept uitgegraven kanaal of uitgediept natuurlijk vaarwater
drecht,"drecht, grift, kanaal, rinne, schiplede, vaart","gegraven stuk vaarwater van redelijke omvang, waarin het water kunstmatig op een bepaald niveau gehouden wordt"
gewas,"gewade, gewas, ongemak, rak",ondiep voor schepen gevaarlijk water
zwette,"zwet, zwetsloot, zwette",een sloot die de grens vormt tussen twee gebieden
borne,"born, borne, bron, bronwel, brunnen",plaats waar water uit de grond komt
braak,"braak, breek, brekken","diepe poel gelegen aan een dijk, ontstaan door een plaatselijke dijkdoorbraak"
delve,"delf, delft, delte, delve, dulf, dulve","oude benaming voor vaart, kanaal, gracht, sloot"
vaat,"vaat, vaete, vate, vathe","dorpsvijver,drinkvijver voor het vee en reservoir voor de brandweer"
slat,"heidemeer, heideplas, heideven, slat",stilstaand waterbekken in de hei
rijt,,uitwatering van een stroom of kanaal in zee
ril,"ril, ryl",gegraven brede greppel
rei,"afwateringssloot, rei, riet",sloot waarlangs water afgevoerd wordt
vest,"vest, veste, vestgracht, vestinggracht",gegraven kanaal om een vesting
maar,,stroomgang als afvoerkanaal
heul,,overdekte waterloop
waay,"waai, waal, waay, wade, weel, weiert, wiel","diepe poel gelegen aan een dijk, ontstaan door een plaatselijke dijkdoorbraak"
breek,"braak, breek, brekken","diepe poel gelegen aan een dijk, ontstaan door een plaatselijke dijkdoorbraak"
dobbe,"dobbe, drenk, drenkplaats, drinkkolk, drinkkuil","natuurlijke of gegraven poel zonder aan- of afvoer, gebruikt voor drink- of bluswater of drinkplaats voor het vee"
piscine,"kweekvijver, piscine, teeltvijver",aangelegde plas water waarin vissen gehouden en gekweekt worden
gewade,"gewade, gewas, ongemak, rak",ondiep voor schepen gevaarlijk water
vestgracht,"vest, veste, vestgracht, vestinggracht",gegraven kanaal om een vesting
vogelwater,"vogelenzang, vogelwater, wed, zwanenwater",spartelplas voor watervogels
moddergracht,"goorgrave, gorre, moddergracht, moergracht",modderige gracht
bluswatervijver,,vijver gegraven om bluswater te hebben in geval van brand
afwateringsgoot,,goot waardoor overtollig water wordt afgevoerd
verwaterplaats,,plaats om mosselen uit te zetten om ze te ontdoen van zand
binnengracht,"binnengracht, binnenvest","geheel in een stad gelegen gracht, verdedigingsgracht binnen de stadsmuren"
zwanenwater,"vogelenzang, vogelwater, wed, zwanenwater",spartelplas voor watervogels
waterspuit,"springbron, spuitbron, spuitter, swin, waterspuit","natuurlijke of kunstmatige installatie die water spuit, afhankelijk van de druk door de toevoer van de vloeistof"
tochtsloot,"polderwatering, tocht, tochtsloot, trekker, vaart, zeeg, zeek",verbindingssloot tussen de poldersloten en de poldervaart
heinsloot,"halmer, halmoer, heiningssloot, heinsloot",smalle sloot in de polder die vaak de grens aangeeft tussen twee boerderijen
stroom,"drift, gang, stroom, stroming","de beweging van een hoeveelheid water ten opzichte van het omringende water, land of onderliggende grond"
slak,"slak, sleup, slisse, vliet, voots",gegraven afvoergoot of waterlozing
sas,"kolk, sas, schutkolk, sluiskolk, wiel",water in de sluis tussen de sluisdeuren
kil,"kil, slenk, trog, zeebekken","dalvormig bekken in oceanen, meestal evenwijdig lopend aan de kust of een eilandreeks"
zeeg,"afvoersloot, zeeg",sloot waardoor overtollig water wordt afgevoerd
grebbe,"greb, grebbe, grep, greppe, greppel",gegraven lange en smalle afvoer voor water
dalweg,"dalweg, geul, stroomgeul","verdieping van een vaarwater, ontstaan door de stroming van het water"
waterlaat,"sluistocht, waterlaat",poldersloot die op een sluis uitkomt
eendenput,"eendenput, eendenschietput",poel of plas die dient als plek voor de eendenjacht
eendenkom,,afgesloten water waarin tamme eenden worden gehouden
kasteelgracht,"fossé, kasteelgracht, slotgracht","diepe, brede gracht die een kasteel of gebouw omringt"
schouwsloot,"keursloot, schouwsloot",sloot die onder toezicht van het waterschap wordt onderhouden door de eigenaren van het land rond de sloot
molenbeek,"maalbeek, molenbeek","gegraven aftakking van een beek of rivier, bedoeld om een molenvijver van water te voorzien"
zuipersgat,"wapeldrenking, waterplas, waterpoel, waterrem, zuipersgat",ondiep stilstaand water
waterplas,"wapeldrenking, waterplas, waterpoel, waterrem, zuipersgat",ondiep stilstaand water
weersloot,"kavelsloot, weersloot","scheisloot tussen de kavels van een bedijking, dwars op een tochtsloot"
turfvaart,"compagnievaart, turfkanaal, turfvaart, wijk","gegraven kanaal in een turfwinningsgebied, ter ontwatering van het veen en als transportweg voor de afvoer van de turf"
veengat,"veengat, veenplas, veentie, ven, venneke",stilstaand waterbekken in het veen
piscine,"piscine, spartelvijver",waterbekken vooral in gebruik om te baden
mude,"mond, mude, muiden, uitmonding",plaats waar een sloot uitkomt in een ander water
wide,"wide, wijde",uitgeveende en door golfslag vergrote plas
geul,"aardgeul, geul, rijt, zuin","lange sleuf in akkers en weilanden, gebruikt om overtollig water af te voeren naar de sloot"
lek,"leek, lek",ontsloten (vaar)water
swin,"springbron, spuitbron, spuitter, swin, waterspuit","natuurlijke of kunstmatige installatie die water spuit, afhankelijk van de druk door de toevoer van de vloeistof"
slenk,,ondiepe kom in het veen
groef,"groef, groep, ril, voor, vore",gegraven lange en smalle afvoer voor water
drecht,"dracht, drait, drecht, drift",vrij stromend stuk water van redelijke omvang
smalte,"smalheid, smalte, sont","plaatselijke versmalling van het vaarwater of een doorgang naar groot vaarwater, een meer o.i.d."
krukvaart,"inwijk, krukvaart, wiek, wieke, wijk",zijkanaal van het hoofddiep in het veenkoloniale landschap
oesterput,,put waarin oesters gekweekt of bewaard worden
waterkelder,"cisterne, waterkelder",ondergrondse opslag van regenwater
onderstroom,,stroming diep in het water
benedensloot,,onderdeel van het bevloeiingssysteem van een vloeiweide
binnenwater,,al het water binnen de kustlijn van een land
molenvijver,,gegraven vijverwaarin het water wordt verzameld voor een watermolen
brugkanaal,"aquaduct, brugkanaal, kanaalbrug",brug voor een waterloop waarbij andere verkeersstromen onder het water door worden geleid
ondersloot,,sloot die water voor een vloeiweide afvoert
afvoergeul,"afvoergeul, afvoerkanaal",lange en smalle afvoer voor water
springader,"springader, springbron, sprong",waterader onder de grond als bron aangetapt
havenkom,"havenkolk, havenkom, kom","verbreding van het vaarwater, dat als haven gebruikt wordt"
keursloot,"keursloot, schouwsloot",sloot die onder toezicht van het waterschap wordt onderhouden door de eigenaren van het land rond de sloot
wetering,"watering, wateringe, wetering","gegraven watergang, belangrijk voor de afwatering van een gebied"
bornepit,"bornepit, welsloot","artesische bron aan te treffen in een gegraven put, voor drinkwater"
leigrave,"leidegrave, leigraaf, leigrave","gegraven watergang, belangrijk voor de afwatering van een gebied"
halmer,"halmer, halmoer, heiningssloot, heinsloot",smalle sloot in de polder die vaak de grens aangeeft tussen twee boerderijen
waai,"waai, waal, waay, wade, weel, weiert, wiel","diepe poel gelegen aan een dijk, ontstaan door een plaatselijke dijkdoorbraak"
laak,"aardgracht, laak, leek",een waterloop die de grens vormt tussen twee gebieden
grup,"grub, grubbe, grup, gruppe",gegraven lange en smalle afvoer voor water
ruit,"root, ruit",het staande water waarin vlas ligt te roten
born,"born, borne, bron, bronwel, brunnen",plaats waar water uit de grond komt
volte,"slat, volte, waskolk",meertje op de heide waarin schapen worden gewassen
streng,"nevengeul, streng",parallel aan de hoofdstroom van een rivier of beek lopende watergang
konkel,"draaikolk, draaistroom, konkel",wervel met snelle draaiing van water
trekgat,"pet, petgat, trekgat, weer",meertje dat is ontstaan door het systematisch wegnemen van het voormalige veendek
vaarweg,"vaarwater, vaarweg, waterweg","het water waar een vaartuig, hoe klein ook, kan varen"
kiezelkuil,"grindgat, kiezelkuil",door het winnen van grind ontstane waterpoel
draaikolk,"draaikolk, draaistroom, konkel",wervel met snelle draaiing van water
kwelgeul,,geul waarin water dat door een dijklichaam doorgelaten wordt opgevangen kan worden
omvloed,,waterafleiding om een molenstuw ten behoeve van scheepvaart
dijksloot,,sloot langs de binnenzijde van een dijk
spuidok,"spuidok, spuikom, spuiput",afsluitbaar deel van de haven waarin tijdens opkomend water water wordt verzameld om bij laagwater slib uit de haven te kunnen spoelen
greppel,"graaf, gracht, graft, greppel, groeve, rei, rui",gegraven kanaal
pollert,"pel, pelt, pollert, stomp,","natuurlijke of gegraven poel zonder aan- of afvoer, gebruikt voor drink- of bluswater of drinkplaats voor het vee"
vivere,"vijver, vivere, waterkom, wiver","aangelegde plas in een park, bos of tuin"
vloos,"flaas, fles, vlaas, vloos",gegraven drenkpoel in de duinen
nauw,"hals, nauw, nauwte, passage, waterkeel","plaatselijke versmalling van het vaarwater of een doorgang naar groot vaarwater, een meer o.i.d."
kolk,"holte, kolk, sigat, zinkgat",met water gevulde uitholling in de grond
leek,"aardgracht, laak, leek",een waterloop die de grens vormt tussen twee gebieden
wijk,"compagnievaart, turfkanaal, turfvaart, wijk","gegraven kanaal in een turfwinningsgebied, ter ontwatering van het veen en als transportweg voor de afvoer van de turf"
kom,"bassin, bekken, kom, reservoir",plaats waar water bewaard kan worden
panne,,binnendijks watertje of kleine kolk
greppe,"greb, grebbe, grep, greppe, greppel",gegraven lange en smalle afvoer voor water
voorde,"gewas, ondiep,voorde, wade",doorwaadbare plaats in een rivier of waterloop
grindgat,"grindgat, kiezelkuil",door het winnen van grind ontstane waterpoel
ontlasting,"aftrek, bijstroom, monding, ontlasting",plaats waar een sloot of wetering in een rivier komt
puntgracht,,"militaire barriere met taluds en ongelijke helling, en een in een punt toegegraven bodem"
zandwinput,"zandgat, zandput, zandwinput",een gegraven diepte in de bodem waaruit zand gewonnen werd
binnenwater,"binnenwater, polderwater",het (bevaarbare) water in een polder
stroomgebied,"afwateringsgebied, stroomgebied, traverse",gebied dat op een waterloop afwatert
binnenboezem,,waterbuffer gelegen binnen de waterstaatkundige grens van een polder dat loost op een bergboezem
compagnievaart,"compagnievaart, turfkanaal, turfvaart, wijk","gegraven kanaal in een turfwinningsgebied, ter ontwatering van het veen en als transportweg voor de afvoer van de turf"
anti-tankgracht,,diepe gegraven met water gevulde gracht met steile oevers om tanks tegen te houden
stroomdalven,,ven ontstaan uit vroegere beek- of rivierbeddingen
waterwervel,"wervel, waterwervel, wiel, wieling, wolf, zwervelinge",wervel met snelle draaiing van water
veenwinput,"veenkuil, veenput, veenwinput",waterplas die een overblijfsel is van kleinschalige turfwinning
sprengkop,,"gegraven, trechtervormig gat van een paar meter diep, beginpunt van een spreng"
maalbeek,"maalbeek, molenbeek","gegraven aftakking van een beek of rivier, bedoeld om een molenvijver van water te voorzien"
waterbak,"waterbak, waterbassin, waterbekken, waterreservoir",plaats waar water bewaard kan worden
spuiput,"spuidok, spuikom, spuiput",afsluitbaar deel van de haven waarin tijdens opkomend water water wordt verzameld om bij laagwater slib uit de haven te kunnen spoelen
monde,"diep, moervaart, monde, praamgracht","gegraven kanaal in een turfwinningsgebied, ter ontwatering van het veen en als transportweg voor de afvoer van de turf"
levada,"bisse, levada",in de bergen aangelegde lange goot voor het opvangen van drinkwater en irrigatiewater
wiede,,onder water gelopen verveend laagveen
keern,"keern, viskuil, weier, weijerd",aangelegde plas water waarin vissen gehouden en gekweekt worden
raffel,,ondiepte tussen twee kribben
leide,,afleidingsbeek
peel,"meerstal, meertje, peel, vijver, wieltje, wijer, zijp, zoei",meertje in de hei
ley,"lede, lee, lei, leie, ley","brede, ondiepe greppel (vaak) ten behoeve van de afwatering van hoger gelegen weides"
ank,"ank, hank, strang",buitendijks gelegen plas of doodlopende rivierarm
del,"del, kolk, rei, slat",ondiep stilstaand water
fles,"fles, flesch vles",plas in bos of hei
kolk,,onderdeel van een molengang
heul,,"smaller gedeelte van een rivier, beek of sloot"
weel,"waai, waal, waay, wade, weel, weiert, wiel","diepe poel gelegen aan een dijk, ontstaan door een plaatselijke dijkdoorbraak"
mare,"maar, mare, mark",waterloop die de grens vormt tussen twee gebieden
vijver,"vijver, vivere, waterkom, wiver","aangelegde plas in een park, bos of tuin"
kleiput,"kleigat, kleiput, leemdobbe, leemkuil, leemput, tegelslag, tichelgat, uitdelving",kleine put waaruit klei of leem gewonnen wordt
klotput,"boerenkuil, klotput, moerput, turfput",waterplas die een overblijfsel is van kleinschalige turfwinning
pompel,"pompel, swalm, waal",waterkolk
zijkanaal,"monde, zijkanaal",aftakking van het diep in hoogveen-ontginningen
tegelslag,"kleigat, kleiput, leemdobbe, leemkuil, leemput, tegelslag, tichelgat, uitdelving",kleine put waaruit klei of leem gewonnen wordt
wegsloot,"bermsloot, sidelsloot, wegsloot",gracht als enige verkeersader
aquaduct,,waterleiding die als overdekt kanaal bovengronds over gemetselde bogen is aangelegd
weegsloot,,sloot waarin schuiten van de wal af met een boom kunnen worden voortgeduwd
driftstroom,"afdrijving, drift, driftstroom, winddrift, wraak",een stroom die veroorzaakt wordt door wind dat het water meesleept
goorgrave,"goorgrave, gorre, moddergracht, moergracht",modderige gracht
teeltvijver,"kweekvijver, piscine, teeltvijver",aangelegde plas water waarin vissen gehouden en gekweekt worden
waterkom,"vijver, vivere, waterkom, wiver","aangelegde plas in een park, bos of tuin"
balkengat,"balkengat, houtkolk",gedeelte van het vaarwater of de haven waarin men boomstammen waterde
spuikom,"spuidok, spuikom, spuiput",afsluitbaar deel van de haven waarin tijdens opkomend water water wordt verzameld om bij laagwater slib uit de haven te kunnen spoelen
ijsgeul,"ijsdoorgang, ijsgeul",voor scheepvaart begaanbare geul in door ijs bedekt water
greft,"gracht, grecht, greft, stadsgracht",gegraven kanaal in een stad
vate,"vaat, vaete, vate, vathe","dorpsvijver,drinkvijver voor het vee en reservoir voor de brandweer"
loop,,de weg die water in stroomafwaartse richting volgt
rijt,"aardgeul, geul, rijt, zuin","lange sleuf in akkers en weilanden, gebruikt om overtollig water af te voeren naar de sloot"
lee,"lede, lee, lei, leie, ley","brede, ondiepe greppel (vaak) ten behoeve van de afwatering van hoger gelegen weides"
delf,"delf, delft, delte, delve, dulf, dulve","oude benaming voor vaart, kanaal, gracht, sloot"
vrije,,niet aan een maalpeil gebonden boezem
mear,"grenssloot, mear, poldersloot",smalle sloot in de polder die vaak de grens aangeeft tussen twee boerderijen
visdijk,"visdijk, viskenij, visput, visvijver",aangelegde plas water waarin vissen gehouden en gekweekt worden
omval,"omval, ringsloot, ringvaart",gegraven waterloop rondom een polder of droogmakerij
wijer,"molenkolk, wijer, wijerd",voorraadbassin voor water van watermolens
graft,"graaf, gracht, graft, greppel, groeve, rei, rui",gegraven kanaal
rinne,"drecht, grift, kanaal, rinne, schiplede, vaart","gegraven stuk vaarwater van redelijke omvang, waarin het water kunstmatig op een bepaald niveau gehouden wordt"
swalm,"pompel, swalm, waal",waterkolk
kanaal,"drecht, grift, kanaal, rinne, schiplede, vaart","gegraven stuk vaarwater van redelijke omvang, waarin het water kunstmatig op een bepaald niveau gehouden wordt"
bekken,"bassin, bekken, kom, reservoir",plaats waar water bewaard kan worden
nauwte,"hals, nauw, nauwte, passage, waterkeel","plaatselijke versmalling van het vaarwater of een doorgang naar groot vaarwater, een meer o.i.d."
openleiding,,hoofdwatergang
moddersloot,"goorsloot, gorre, moddersloot, stinksloot","modderig, smerig stroompje"
toevoerkanaal,,verbindingssloot tussen de poldersloten en de poldervaart in droogmakerijen
drinkwaterbekken,"drinkwaterbekken, zoetwaterbekken",plaats waar drinkwater bewaard kan worden
afwateringsgebied,"afwateringsgebied, stroomgebied, traverse",gebied dat op een waterloop afwatert
waterspaarbekken,"spaarbekken, spaarkom, waterspaarbekken",bassin waarin tijdelijk een grote hoeveelheid water opgeslagen kan worden
bezandingsgreppel,,greppel ontstaan door het winnen van zand
afwateringspatroon,,netwerk van watergangen dat zorgt voor de oppervlakte-afstroming van een gebied
toeleidingskanaal,,kanaal dat vers water aanvoert naar andere kanalen
binnenkleinsloot,,"loodrecht op een boven- en benedensloot staande sloot, onderdeel van het bevloeiingssysteem van een vloeiweide"
inundatiekanaal,,kanaal dat water aanvoert voor te inunderen gebieden
lozingskanaal,"lozingskanaal, spui, spuikanaal, zijl","kanaal met daarin een spuisluis, bedoeld om binnenwater te spuien"
singelgracht,"singel, singelgracht, stadsvest",gegraven kanaal om een stad
binnenwater,"binnenwater, inwater",niet in zee uitmondende stroom
schulpvaart,,watergang voor het vervoer van grondstoffen voor de kalkindustrie
drenkplaats,"dobbe, drenk, drenkplaats, drinkkolk, drinkkuil","natuurlijke of gegraven poel zonder aan- of afvoer, gebruikt voor drink- of bluswater of drinkplaats voor het vee"
binnenvest,"binnengracht, binnenvest","geheel in een stad gelegen gracht, verdedigingsgracht binnen de stadsmuren"
stadsgracht,"gracht, grecht, greft, stadsgracht",gegraven kanaal in een stad
grenssloot,"grenssloot, mear, poldersloot",smalle sloot in de polder die vaak de grens aangeeft tussen twee boerderijen
uitdelving,"kleigat, kleiput, leemdobbe, leemkuil, leemput, tegelslag, tichelgat, uitdelving",kleine put waaruit klei of leem gewonnen wordt
schipvaart,"brandsloot, opvaart, schipsloot, schipvaart",kanaal dat haaks op een ander kanaal staat
mosselput,,put waarin mosselen gekweekt of bewaard worden
baggergat,"baggergat, baggerput, dijkput",door baggeren ontstane waterpoel
weidgraaf,,gracht of sloot rond een stadsweide
waterlijst,,omlijsting van park met water
veenput,"veenkuil, veenput, veenwinput",waterplas die een overblijfsel is van kleinschalige turfwinning
ondiep,"gewas, ondiep,voorde, wade",doorwaadbare plaats in een rivier of waterloop
gang,"gang, stroom",bewegende massa water
enge,"eng, enge, engte","plaatselijke versmalling van het vaarwater of een doorgang naar groot vaarwater, een meer o.i.d."
grub,"grub, grubbe, grup, gruppe",gegraven lange en smalle afvoer voor water
kille,"hank, kil, kille, strang",doodlopende geul van een rivier
fait,"fait, fehting, feit, feith","natuurlijke of gegraven poel zonder aan- of afvoer, gebruikt voor drink- of bluswater of drinkplaats voor het vee"
rei,"plomp, ree, rei, sloot, slute, weidewater",smal water om of tussen weilanden dat dient voor de aan- en afvoer van water
pel,"pel, pelt, pollert, stomp,","natuurlijke of gegraven poel zonder aan- of afvoer, gebruikt voor drink- of bluswater of drinkplaats voor het vee"
vles,"fles, flesch vles",plas in bos of hei
vaart,"drecht, grift, kanaal, rinne, schiplede, vaart","gegraven stuk vaarwater van redelijke omvang, waarin het water kunstmatig op een bepaald niveau gehouden wordt"
gorre,"goorgrave, gorre, moddergracht, moergracht",modderige gracht
vistrap,"vispassage, vistrap",smalle getrapte watergang naast een stuw waardoor vissen tree voor tree tegen de stroom in kunnen zwemmen
trekker,"polderwatering, tocht, tochtsloot, trekker, vaart, zeeg, zeek",verbindingssloot tussen de poldersloten en de poldervaart
stroming,"stroming, stroom, waterstroom","plaats waar water stroomt, lijnvormig watervoerend object"
trekvaart,"loopdiep, trekvaart",voor het transport met pak- en trekschuiten geconstrueerde vaarweg
stroomgat,"kolk, stroomgat, uitspoelingsgat, valput","diepe poel gelegen aan een dijk, ontstaan door een plaatselijke dijkdoorbraak"
hoofdsloot,"aamsloot, hoofdsloot, schutsloot","gegraven watergang, belangrijk voor de afwatering van een gebied"
wabberpoel,,vijver bij eendenkooi
vogelenzang,"vogelenzang, vogelwater, wed, zwanenwater",spartelplas voor watervogels
recreatieplas,,een waterplas met recreatiemogelijkheden
spartelvijver,"piscine, spartelvijver",waterbekken vooral in gebruik om te baden
zwervelinge,"wervel, waterwervel, wiel, wieling, wolf, zwervelinge",wervel met snelle draaiing van water
piekberging,"calamiteitenberging, piekberging",lege ruimte die snel (onder vrij verval) en incidenteel kan worden benut om grote hoeveelheden water tijdelijk op te slaan
poldersloot,"grenssloot, mear, poldersloot",smalle sloot in de polder die vaak de grens aangeeft tussen twee boerderijen
spuikanaal,"lozingskanaal, spui, spuikanaal, zijl","kanaal met daarin een spuisluis, bedoeld om binnenwater te spuien"
kavelsloot,"kavelsloot, weersloot","scheisloot tussen de kavels van een bedijking, dwars op een tochtsloot"
ringsloot,"omval, ringsloot, ringvaart",gegraven waterloop rondom een polder of droogmakerij
passage,"hals, nauw, nauwte, passage, waterkeel","plaatselijke versmalling van het vaarwater of een doorgang naar groot vaarwater, een meer o.i.d."
waskolk,"slat, volte, waskolk",meertje op de heide waarin schapen worden gewassen
girande,,fontein met kringvormige stralen
invaart,"ingang, invaart","doorvaart die toegang geeft tot een min of meer afgesloten gebied, zoals een haven, een sluis, een meer"
zoeve,,bevloeiingsgreppels in een vloeiweide
drenk,"dobbe, drenk, drenkplaats, drinkkolk, drinkkuil","natuurlijke of gegraven poel zonder aan- of afvoer, gebruikt voor drink- of bluswater of drinkplaats voor het vee"
slop,"slochter, slop",geul in vast ijsdek
wiel,"kolk, sas, schutkolk, sluiskolk, wiel",water in de sluis tussen de sluisdeuren
kolk,"kolk, stroomgat, uitspoelingsgat, valput","diepe poel gelegen aan een dijk, ontstaan door een plaatselijke dijkdoorbraak"
war,"war, were",plaats in een waterloop waar netten of fuiken zijn uitgezet om vis en eenden te vangen
gat,"gat, jet, jit, kolkgat",gat dat door stromend met puin beladen water is uitgeslepeni in de oevers van een rivier
pelt,"pel, pelt, pollert, stomp,","natuurlijke of gegraven poel zonder aan- of afvoer, gebruikt voor drink- of bluswater of drinkplaats voor het vee"
hank,"hank, kil, kille, strang",doodlopende geul van een rivier
mond,,dwarskanaal of dwarsdiep in het veenkoloniale landschap
zinkgat,"holte, kolk, sigat, zinkgat",met water gevulde uitholling in de grond
opvaart,,kanaaltje gegraven naar een af te graven terp om de grond af te voeren
dwarsdiep,"dwarsdiep, dwarskanaal",water dat haaks staat op een ander water
ganzenkuil,,veen- of heidplas waarin wilde ganzen gevangen worden
halige sloot,,sloot waarvan de aangrenzende eigenaren elk de helft bezitten en voor onderhoud dienen te zorgen
moergracht,"goorgrave, gorre, moddergracht, moergracht",modderige gracht
scheepskom,"dok, scheepskom",met één of twee sluisdeuren afgesloten gegraven haven
afvoerkanaal,"afleidingskanaal, afvoerkanaal, afwateringskanaal",kanaal waardoor overtollig water wordt afgevoerd
quakjeswater,"gaal, ganzenkuil, ganzenorgel, quakjeswater",spartelplas voor watervogels
afvoersloot,"afvoersloot, zeeg",sloot waardoor overtollig water wordt afgevoerd
boerenkuil,"boerenkuil, klotput, moerput, turfput",waterplas die een overblijfsel is van kleinschalige turfwinning
molenvliet,"boezemsloot, kolksloot, molensloot, molenvliet",sloot in een polder die op een boezem uitkomt
ringvaart,"omval, ringsloot, ringvaart",gegraven waterloop rondom een polder of droogmakerij
pijpsloot,,smalle rechte sloot
sidelinge,"loos, sidelinge, verlaat",kanaal waardoor overtollig water wordt afgevoerd
aakvlaai,,insteekgeultje of delling voor een boerenaak bij weiland in het veenweidegebied
weijerd,"keern, viskuil, weier, weijerd",aangelegde plas water waarin vissen gehouden en gekweekt worden
veentie,"veengat, veenplas, veentie, ven, venneke",stilstaand waterbekken in het veen
spuiter,"springbron, spuitbron, spuitter, swin, waterspuit","natuurlijke of kunstmatige installatie die water spuit, afhankelijk van de druk door de toevoer van de vloeistof"
veste,"vest, veste, vestgracht, vestinggracht",gegraven kanaal om een vesting
drift,"drift, gang, stroom, stroming","de beweging van een hoeveelheid water ten opzichte van het omringende water, land of onderliggende grond"
put,"gat, groeve, kuil, put",gegraven waterkom
rak,,"recht stuk water, tussen twee bochten"
slat,"del, kolk, rei, slat",ondiep stilstaand water
grip,"grief, grip, grippe, grippel",gegraven lange en smalle afvoer voor water
diep,"diep, moervaart, monde, praamgracht","gegraven kanaal in een turfwinningsgebied, ter ontwatering van het veen en als transportweg voor de afvoer van de turf"
slonde,"slonde, zinkval, zwalk","draaikolk, verslinder"
groeve,"groeve, put",gegraven diepte om water uit te putten
welput,"bornepit, welsloot","artesische bron aan te treffen in een gegraven put, voor drinkwater"
grippe,"grief, grip, grippe, grippel",gegraven lange en smalle afvoer voor water
graaf,"graaf, gracht, graft, greppel, groeve, rei, rui",gegraven kanaal
maar,"maar, mare, mark",een waterloop die de grens vormt tussen twee gebieden
sjaan,"keen, sien, sjaan",smalle ontwateringssloot
zijtak,"zijarm, zijrivier, zijtak",deel van een rivier dat zijn water uit de hoofdrivier ontvangt
vaete,"vaat, vaete, vate, vathe","dorpsvijver,drinkvijver voor het vee en reservoir voor de brandweer"
groeve,"gat, groeve, kuil, put",gegraven waterkom
zinkval,"slonde, zinkval, zwalk","draaikolk, verslinder"
stroming,"drift, gang, stroom, stroming","de beweging van een hoeveelheid water ten opzichte van het omringende water, land of onderliggende grond"
heideven,"heidemeer, heideplas, heideven, slat",stilstaand waterbekken in de hei
kwelsloot,,sloot waarin water dat door een dijklichaam doorgelaten wordt opgevangen kan worden
sluistocht,"sluistocht, waterlaat",poldersloot die op een sluis uitkomt
moervaart,"diep, moervaart, monde, praamgracht","gegraven kanaal in een turfwinningsgebied, ter ontwatering van het veen en als transportweg voor de afvoer van de turf"
paddenpoel,,"poel van minimaal één meter diep, bedoeld als leefgebied voor amfibieën zoals kikkers en padden"
rivierkwelgeul,,met de rivier verbonden geul voor de afvoer van kwelwater
afleidingskanaal,"afleidingskanaal, afvoerkanaal, afwateringskanaal",kanaal waardoor overtollig water wordt afgevoerd
voedingskanaal,,kanaal dat werd aangelegd om een andere waterweg van voldoende water te kunnen voorzien
opdraaiplaats,"opdraaiplaats, zwaaikom, zwaaiplaats",verbreding van een vaarwater waar lange schepen kunnen keren
achtergracht,,naar de zijde der verdedigers gelegen vestinggracht
bovenzouw,,"bovenste sloot van een vloeiweide, onderdeel van het bevloeiingssysteem"
turfkanaal,"compagnievaart, turfkanaal, turfvaart, wijk","gegraven kanaal in een turfwinningsgebied, ter ontwatering van het veen en als transportweg voor de afvoer van de turf"
stuwmeer,"stuwbekken, stuwmeer",kunstmatig meer dat ontstaan is door de aanleg van een stuwdam
treksloot,"tjamme, treksloot",een door bemaling stromende ontwateringssloot
smalheid,"smalheid, smalte, sont","plaatselijke versmalling van het vaarwater of een doorgang naar groot vaarwater, een meer o.i.d."
influent,,waterstroom die een systeem of een behandelingseenheid binnenkomt.
inwater,"binnenwater, inwater",niet in zee uitmondende stroom
grubbe,"gracht, grubbe, vloedgraaf",gegraven sloot om regenwater op een beek af te voeren
vaart,"polderwatering, tocht, tochtsloot, trekker, vaart, zeeg, zeek",verbindingssloot tussen de poldersloten en de poldervaart
wijde,"wide, wijde",uitgeveende en door golfslag vergrote plas
put,"groeve, put",gegraven diepte om water uit te putten
kolk,"kolk, sas, schutkolk, sluiskolk, wiel",water in de sluis tussen de sluisdeuren
flaas,"flaas, fles, vlaas, vloos",gegraven drenkpoel in de duinen
gang,"gang, opvaart, watergang",gegraven stuk vaarwater van redelijke omvang waarin het water kunstmatig op een bepaald niveau gehouden wordt
eroev,,een gracht of stelsel van watergangen rond een gebied waarbinnen joden tijdens de sjabbat goederen mogen vervoeren
valput,"kolk, stroomgat, uitspoelingsgat, valput","diepe poel gelegen aan een dijk, ontstaan door een plaatselijke dijkdoorbraak"
viskuil,"keern, viskuil, weier, weijerd",aangelegde plas water waarin vissen gehouden en gekweekt worden
slochter,"slochter, slop",geul in vast ijsdek
kooiplas,"kolk, kooiplas, wed",plas als onderdeel van een eendenkooi
houtkolk,"balkengat, houtkolk",gedeelte van een vaarwater of een haven waarin men boomstammen watert
aquaduct,"aquaduct, brugkanaal, kanaalbrug",brug voor een waterloop waarbij andere verkeersstromen onder het water door worden geleid
stinksloot,"goorsloot, gorre, moddersloot, stinksloot","modderig, smerig stroompje"
reegracht,,afvoersloot tussen vochtige akkerlanden
doortocht,"doortocht, doorvaart","plaatselijke versmalling van het vaarwater of een doorgang naar groot vaarwater, een meer o.i.d."
onderbeek,,beek waarin het water neerstort nadat het de watermolen is gepasseerd
bergboezem,,door kades omsloten gebied waar in geval van hoge waterstanden water in kan stromen dat tijdelijk vastgehouden kan worden
waterstroom,"stroming, stroom, waterstroom","plaats waar water stroomt, lijnvormig watervoerend object"
waterbekken,"waterbak, waterbassin, waterbekken, waterreservoir",plaats waar water bewaard kan worden
retentiepolder,"retentiebekken, retentiepolder",laaggelegen terrein langs het stroomgebied van een rivier waar bij hoogwater overtollig water tijdelijk wordt opgeslagen
achterwater,"achterslag, achterwater, molentocht",hoofdwatergang van een polder waar aan het eind een gemaal ligt
doorvaart,"doortocht, doorvaart","plaatselijke versmalling van het vaarwater of een doorgang naar groot vaarwater, een meer o.i.d."
randmeer,,water rondom een polder dat als doel heeft de waterhuishouding van de polder te isoleren van het omliggende land
spaarkom,"spaarbekken, spaarkom, waterspaarbekken",bassin waarin tijdelijk een grote hoeveelheid water opgeslagen kan worden
sluiskolk,"kolk, sas, schutkolk, sluiskolk, wiel",water in de sluis tussen de sluisdeuren
zijrivier,"zijarm, zijrivier, zijtak",deel van een rivier dat zijn water uit de hoofdrivier ontvangt
plomp,"plomp, ree, rei, sloot, slute, weidewater",smal water om of tussen weilanden dat dient voor de aan- en afvoer van water
bisse,"bisse, levada",in de bergen aangelegde lange goot voor het opvangen van drinkwater en irrigatiewater
greb,"greb, grebbe, grep, greppe, greppel",gegraven lange en smalle afvoer voor water
root,"root, ruit",het staande water waarin vlas ligt te roen
kolk,"del, kolk, rei, slat",ondiep stilstaand water
jet,"gat, jet, jit, kolkgat",gat dat door stromend met puin beladen water is uitgeslepeni in de oevers van een rivier
kuil,"gat, groeve, kuil, put",gegraven waterkom
leek,"leek, lek",ontsloten (vaar)water
loos,"loos, sidelinge, verlaat",kanaal waardoor overtollig water wordt afgevoerd
waal,"pompel, swalm, waal",waterkolk
zwet,"zwet, zwetsloot, zwette",een sloot die de grens vormt tussen twee gebieden
wade,"gewas, ondiep,voorde, wade",doorwaadbare plaats in een rivier of waterloop
vlakte,,vrij grote ondiepte op ruim water
bassin,"bassin, bekken, kom, reservoir",plaats waar water bewaard kan worden
traverse,"afwateringsgebied, stroomgebied, traverse",gebied dat op een waterloop afwatert
walsloot,"klemsloot, walsloot",kleine sloot in turfgraverij
springbron,"springbron, spuitbron, spuitter, swin, waterspuit","natuurlijke of kunstmatige installatie die water spuit, afhankelijk van de druk door de toevoer van de vloeistof"
stroomgeul,"dalweg, geul, stroomgeul","verdieping van een vaarwater, ontstaan door de stroming van het water"
wapeldrenking,"wapeldrenking, waterplas, waterpoel, waterrem, zuipersgat",ondiep stilstaand water
polderwatering,"polderwatering, tocht, tochtsloot, trekker, vaart, zeeg, zeek",verbindingssloot tussen de poldersloten en de poldervaart
eendenschietput,"eendenput, eendenschietput",poel of plas die dient als plek voor de eendenjacht
calamiteitenberging,"calamiteitenberging, piekberging",lege ruimte die snel (onder vrij verval) en incidenteel kan worden benut om grote hoeveelheden water tijdelijk op te slaan
afwateringskanaal,"afleidingskanaal, afvoerkanaal, afwateringskanaal",kanaal waardoor overtollig water wordt afgevoerd
zoetwaterbekken,"drinkwaterbekken, zoetwaterbekken",plaats waar drinkwater bewaard kan worden
regenwaterbuffer,,opvangbassin dat bij hevige regen het teveel aan water tijdelijk opvangt en geleidelijk weer loost
hoofdwatergang,,watergang die dient voor de afvoer van water met meer dan lokaal belang
smeltwaterdalf,,beekje ontstaan door het afstromen van smeltwater
zwaaiplaats,"opdraaiplaats, zwaaikom, zwaaiplaats",verbreding van een vaarwater waar lange schepen kunnen keren
leidegrave,"leidegrave, leigraaf, leigrave","gegraven watergang, belangrijk voor de afwatering van een gebied"
drinkkuil,"dobbe, drenk, drenkplaats, drinkkolk, drinkkuil","natuurlijke of gegraven poel zonder aan- of afvoer, gebruikt voor drink- of bluswater of drinkplaats voor het vee"
grippel,"grief, grip, grippe, grippel",gegraven lange en smalle afvoer voor water
wieltje,"meerstal, meertje, peel, vijver, wieltje, wijer, zijp, zoei",meertje in de hei
laagte,"laagte, ondiep",ondiep stilstaand water
wette,"waterkuil, wed, wette, wijert","natuurlijke of gegraven poel zonder aan- of afvoer, gebruikt voor drink- of bluswater of drinkplaats voor het vee"
zijarm,"zijarm, zijrivier, zijtak",deel van een rivier dat zijn water uit de hoofdrivier ontvangt
gaal,"gaal, ganzenkuil, ganzenorgel, quakjeswater",spartelplas voor watervogels
ven,"veengat, veenplas, veentie, ven, venneke",stilstaand waterbekken in het veen
ree,"plomp, ree, rei, sloot, slute, weidewater",smal water om of tussen weilanden dat dient voor de aan- en afvoer van water
lei,"lede, lee, lei, leie, ley","brede, ondiepe greppel (vaak) ten behoeve van de afwatering van hoger gelegen weides"
drift,"dracht, drait, drecht, drift",vrij stromend stuk water van redelijke omvang
wijer,"meerstal, meertje, peel, vijver, wieltje, wijer, zijp, zoei",meertje in de hei
gorre,"goorsloot, gorre, moddersloot, stinksloot","modderig, smerig stroompje"
strang,"ank, hank, strang",buitendijks gelegen plas of doodlopende rivierarm
stroom,"gang, stroom",bewegende massa water
kleigat,"kleigat, kleiput, leemdobbe, leemkuil, leemput, tegelslag, tichelgat, uitdelving",kleine put waaruit klei of leem gewonnen wordt
kolkgat,"gat, jet, jit, kolkgat",gat dat door stromend met puin beladen water is uitgeslepeni in de oevers van een rivier
neksloot,,sloot binnenlangs de ringdijk van een polder
drinkkolk,"dobbe, drenk, drenkplaats, drinkkolk, drinkkuil","natuurlijke of gegraven poel zonder aan- of afvoer, gebruikt voor drink- of bluswater of drinkplaats voor het vee"
vaarwater,"vaarwater, vaarweg, waterweg","het water waar een vaartuig, hoe klein ook, kan varen"
waterpoel,"wapeldrenking, waterplas, waterpoel, waterrem, zuipersgat",ondiep stilstaand water
poldervaart,,vaart in het midden van een polder die wordt gevoed door diverse tochten en die naar het gemaal of de molengang loopt
waterbassin,"waterbak, waterbassin, waterbekken, waterreservoir",plaats waar water bewaard kan worden
onderzouw,,onderste sloot van een vloeiweide
zwaaikom,"opdraaiplaats, zwaaikom, zwaaiplaats",verbreding van een vaarwater waar lange schepen kunnen keren
kolksloot,"boezemsloot, kolksloot, molensloot, molenvliet",sloot in een polder die op een boezem uitkomt
cisterne,"cisterne, waterkelder",ondergrondse opslag van regenwater
wieling,"wervel, waterwervel, wiel, wieling, wolf, zwervelinge",wervel met snelle draaiing van water
zelving,,dwars op de hoofdstroom staande poldersloot of wetering
grecht,"gracht, grecht, greft, stadsgracht",gegraven kanaal in een stad
aftrek,"aftrek, bijstroom, monding, ontlasting",plaats waar een sloot of wetering in een rivier komt
were,"war, were",plaats in een waterloop waar netten of fuiken zijn uitgezet om vis en eenden te vangen
kolk,"kolk, kooiplas, wed",plas als onderdeel van een eendenkooi
neer,"neer, nering, pompel",wervel met snelle draaiing van water
feith,"fait, fehting, feit, feith","natuurlijke of gegraven poel zonder aan- of afvoer, gebruikt voor drink- of bluswater of drinkplaats voor het vee"
zoei,"meerstal, meertje, peel, vijver, wieltje, wijer, zijp, zoei",meertje in de hei
delft,"delf, delft, delte, delve, dulf, dulve","oude benaming voor vaart, kanaal, gracht, sloot"
tocht,"polderwatering, tocht, tochtsloot, trekker, vaart, zeeg, zeek",verbindingssloot tussen de poldersloten en de poldervaart
mond,"mond, mude, muiden, uitmonding",plaats waar een sloot uitkomt in een ander water
nering,"neer, nering, pompel",wervel met snelle draaiing van water
gracht,"graaf, gracht, graft, greppel, groeve, rei, rui",gegraven kanaal
intocht,,sloot in een polder die op een molensloot uitkomt
sprong,"springader, springbron, sprong",waterader onder de grond als bron aangetapt
toevaart,,vaart die een kortere weg maakt dan andere vaarten
ondiepte,,klein gedeelte van het vaarwater waar de bodem hoger ligt dan elders
spoorkolk,,waterinnamepunt voor stoomlocomotieven
nevengeul,"nevengeul, streng",parallel aan de hoofdstroom van een rivier of beek lopende watergang
heidemeer,"heidemeer, heideplas, heideven, slat",stilstaand waterbekken in de hei
leemput,"kleigat, kleiput, leemdobbe, leemkuil, leemput, tegelslag, tichelgat, uitdelving",kleine put waaruit klei of leem gewonnen wordt
gasbron,,geboorde put waarin grondwater gemengd met moerasgas naar boven komt
turfput,"boerenkuil, klotput, moerput, turfput",waterplas die een overblijfsel is van kleinschalige turfwinning
tjamme,"tjamme, treksloot",een door bemaling stromende ontwateringssloot
roeibaan,,wedstrijdwater voor roeiboten
kanaalbrug,"aquaduct, brugkanaal, kanaalbrug",brug voor een waterloop waarbij andere verkeersstromen onder het water door worden geleid
kweekvijver,"kweekvijver, piscine, teeltvijver",aangelegde plas water waarin vissen gehouden en gekweekt worden
boezemsloot,"boezemsloot, kolksloot, molensloot, molenvliet",sloot in een polder die op een boezem uitkomt
afvoerkanaal,"afvoergeul, afvoerkanaal",lange en smalle afvoer voor water
inundatiekom,,"onderdeel van een inundatielinie, bestaande uit een afgerond gebied dat bij het inunderen komt blank te staan"
dwarskanaal,"dwarsdiep, dwarskanaal",water dat haaks staat op een ander water
onderstroom,,stroming onder het wateroppervlak
sprangader,"sprank, sprangader, spreng, sprengebeek",een door mensen gegraven of verlegde beek gevoed door kwelwater
poldersloot,,sloot in een polder
schutsloot,"aamsloot, hoofdsloot, schutsloot","gegraven watergang, belangrijk voor de afwatering van een gebied"
brekken,"braak, breek, brekken","diepe poel gelegen aan een dijk, ontstaan door een plaatselijke dijkdoorbraak"
wervel,"wervel, waterwervel, wiel, wieling, wolf, zwervelinge",wervel met snelle draaiing van water
monde,"monde, zijkanaal",aftakking van het diep in hoogveen-ontginningen
strang,"hank, kil, kille, strang",doodlopende geul van een rivier
spui,"lozingskanaal, spui, spuikanaal, zijl","kanaal met daarin een spuisluis, bedoeld om binnenwater te spuien"
bron,"born, borne, bron, bronwel, brunnen",plaats waar water uit de grond komt
wiel,"waai, waal, waay, wade, weel, weiert, wiel","diepe poel gelegen aan een dijk, ontstaan door een plaatselijke dijkdoorbraak"
lede,"lede, lee, lei, leie, ley","brede, ondiepe greppel (vaak) ten behoeve van de afwatering van hoger gelegen weides"
rei,"gracht, grecht, greft, rei, stadsgracht",gegraven kanaal
jit,"gat, jet, jit, kolkgat",gat dat door stromend met puin beladen water is uitgeslepeni in de oevers van een rivier
rui,"graaf, gracht, graft, greppel, groeve, rei, rui",gegraven kanaal in een stad
was,,"ven op de heide waar de schapen gewassen worden, meestal ontstaan door regenwater dat op een harde grondlaag blijft staan"
wed,"kolk, kooiplas, wed",plas als onderdeel van een eendenkooi
grift,"drecht, grift, kanaal, rinne, schiplede, vaart","gegraven stuk vaarwater van redelijke omvang, waarin het water kunstmatig op een bepaald niveau gehouden wordt"
vijver,"meerstal, meertje, peel, vijver, wieltje, wijer, zijp, zoei",meertje in de hei
gracht,"gracht, grecht, greft, stadsgracht",gegraven kanaal in een stad
opvaart,"gang, opvaart, watergang",gegraven stuk vaarwater van redelijke omvang waarin het water kunstmatig op een bepaald niveau gehouden wordt
monding,"aftrek, bijstroom, monding, ontlasting",plaats waar een sloot of wetering in een rivier komt
ongemak,"gewade, gewas, ongemak, rak",ondiep voor schepen gevaarlijk water
waterloop,,algemene benaming voor een lijnvormig watervoerend object
bermsloot,"bermsloot, sidelsloot, wegsloot",gracht als enige verkeersader
stuwbekken,"stuwbekken, stuwmeer",kunstmatig meer dat ontstaan is door de aanleg van een stuwdam
praamgracht,"diep, moervaart, monde, praamgracht","gegraven kanaal in een turfwinningsgebied, ter ontwatering van het veen en als transportweg voor de afvoer van de turf"
retentiebekken,"retentiebekken, retentiepolder",laaggelegen terrein langs het stroomgebied van een rivier waar bij hoogwater overtollig water tijdelijk wordt opgeslagen
veedrinkpoel,,gegraven poel aangelegd om vee van drinkwater te voorzien
ganzenorgel,"gaal, ganzenkuil, ganzenorgel, quakjeswater",spartelplas voor watervogels
aamsloot,"aamsloot, hoofdsloot, schutsloot","gegraven watergang, belangrijk voor de afwatering van een gebied"
watering,"watering, wateringe, wetering","gegraven watergang, belangrijk voor de afwatering van een gebied"
dulve,"delf, delft, delte, delve, dulf, dulve","oude benaming voor vaart, kanaal, gracht, sloot"
holte,"holte, kolk, sigat, zinkgat",met water gevulde uitholling in de grond
sloot,"plomp, ree, rei, sloot, slute, weidewater",smal water om of tussen weilanden dat dient voor de aan- en afvoer van water
wiek,"inwijk, krukvaart, wiek, wieke, wijk",zijkanaal van het hoofddiep in het veenkoloniale landschap
sont,"smalheid, smalte, sont","plaatselijke versmalling van het vaarwater of een doorgang naar groot vaarwater, een meer o.i.d."
hals,"hals, nauw, nauwte, passage, waterkeel","plaatselijke versmalling van het vaarwater of een doorgang naar groot vaarwater, een meer o.i.d."
pijp,"keel, pijp, vangpijp",smalle sloot in een eendekooi
rei,"del, kolk, rei, slat",ondiep stilstaand water
gat,"gat, groeve, kuil, put",gegraven waterkom
hank,"ank, hank, strang",buitendijks gelegen plas of doodlopende rivierarm
keen,"keen, sien, sjaan",smalle ontwateringssloot
gang,"drift, gang, stroom, stroming","de beweging van een hoeveelheid water ten opzichte van het omringende water, land of onderliggende grond"
delte,"delf, delft, delte, delve, dulf, dulve","oude benaming voor vaart, kanaal, gracht, sloot"
water,,"algemene benaming voor beek, kanaal, rivier"
dracht,"dracht, drait, drecht, drift",vrij stromend stuk water van redelijke omvang
wijerd,"molenkolk, wijer, wijerd",voorraadbassin voor water van watermolens
muiden,"mond, mude, muiden, uitmonding",plaats waar een sloot uitkomt in een ander water
zandgat,"zandgat, zandput, zandwinput",een gegraven diepte in de bodem waaruit zand gewonnen werd
cascade,"cascade, val, waterval",water dat trapsgewijs van een hoogte naar beneden stort
vangpijp,"keel, pijp, vangpijp",smalle sloot in een eendekooi
kleinsloot,,"loodrecht op de boven- en benedensloot staande doorlopende sloot, onderdeel van het bevloeiingssysteem van een vloeiweide"
stadsvest,"singel, singelgracht, stadsvest",gegraven kanaal om een stad
aardgracht,"aardgracht, laak, leek",een waterloop die de grens vormt tussen twee gebieden
zompenvaart,,"vaart die al in de 17e eeuw werd gebruikt door zogenaamde zompen, kleine vrachtzeilscheepjes"
vestinggracht,"vest, veste, vestgracht, vestinggracht",gegraven kanaal om een vesting
zanderijvaart,,vaart aangelegd om afgegraven zand te transporteren
achterslag,"achterslag, achterwater, molentocht",hoofdwatergang van een polder waar aan het eind een gemaal ligt
havenkolk,"havenkolk, havenkom, kom","verbreding van het vaarwater, dat als haven gebruikt wordt"
schiplede,"drecht, grift, kanaal, rinne, schiplede, vaart","gegraven stuk vaarwater van redelijke omvang, waarin het water kunstmatig op een bepaald niveau gehouden wordt"
goorsloot,"goorsloot, gorre, moddersloot, stinksloot","modderig, smerig stroompje"
venneke,"veengat, veenplas, veentie, ven, venneke",stilstaand waterbekken in het veen
welsloot,,sloot waarin moerasgas of warm water opborrelt
zandput,"zandgat, zandput, zandwinput",een gegraven diepte in de bodem waaruit zand gewonnen werd
leigraaf,"leidegrave, leigraaf, leigrave","gegraven watergang, belangrijk voor de afwatering van een gebied"
dijkput,"baggergat, baggerput, dijkput",door baggeren ontstane waterpoel
wieke,"inwijk, krukvaart, wiek, wieke, wijk",zijkanaal van het hoofddiep in het veenkoloniale landschap
inwijk,"inwijk, krukvaart, wiek, wieke, wijk",zijkanaal van het hoofddiep in het veenkoloniale landschap
wadi,,"rivierbedding of waterberging in een droog gebied, die alleen na regenval volstroomt"
wiel,"wervel, waterwervel, wiel, wieling, wolf, zwervelinge",wervel met snelle draaiing van water
vore,"groef, groep, ril, voor, vore",gegraven lange en smalle afvoer voor water
eng,"eng, enge, engte","plaatselijke versmalling van het vaarwater of een doorgang naar groot vaarwater, een meer o.i.d."
fles,"flaas, fles, vlaas, vloos",gegraven drenkpoel in de duinen
sien,"keen, sien, sjaan",smalle ontwateringssloot
zeeg,"polderwatering, tocht, tochtsloot, trekker, vaart, zeeg, zeek",verbindingssloot tussen de poldersloten en de poldervaart
zeek,"polderwatering, tocht, tochtsloot, trekker, vaart, zeeg, zeek",verbindingssloot tussen de poldersloten en de poldervaart
fossé,"fossé, kasteelgracht, slotgracht","diepe, brede gracht die een kasteel of gebouw omringt"
weier,"keern, viskuil, weier, weijerd",aangelegde plas water waarin vissen gehouden en gekweekt worden